[
  {
    "timestamp": "2025-09-16T21:18:22.666232",
    "patient_data": {
      "age": 40,
      "gender": 0,
      "indigenous_status": 0,
      "marital_status": 0,
      "preferred_language": 0,
      "interpreter_required": 0,
      "suburb": 0,
      "clinic": 0,
      "day_of_week": 0,
      "is_last_appt_dns": 0,
      "has_multiple_appts_same_day": 0,
      "appointments_attended": 5,
      "appointments_missed": 1,
      "appointments_rescheduled": 0
    },
    "dns_score": 63.33333333333333,
    "risk_factors": {
      "age_risk": 0.2,
      "gender_risk": 0,
      "indigenous_risk": 0.2,
      "marital_risk": 0,
      "language_risk": 0,
      "interpreter_risk": 0,
      "suburb_risk": 0,
      "clinic_risk": 0,
      "day_risk": 0.15,
      "history_risk": 0.08333333333333333,
      "multiple_appts_risk": 0
    },
    "prediction": "Attended"
  },
  {
    "timestamp": "2025-09-16T21:22:52.164490",
    "patient_data": {
      "age": 40,
      "gender": 0,
      "indigenous_status": 0,
      "marital_status": 0,
      "preferred_language": 0,
      "interpreter_required": 0,
      "suburb": 0,
      "clinic": 0,
      "day_of_week": 0,
      "is_last_appt_dns": 0,
      "has_multiple_appts_same_day": 0,
      "appointments_attended": 5,
      "appointments_missed": 1,
      "appointments_rescheduled": 0
    },
    "dns_score": 63.33333333333333,
    "risk_factors": {
      "age_risk": 0.2,
      "gender_risk": 0,
      "indigenous_risk": 0.2,
      "marital_risk": 0,
      "language_risk": 0,
      "interpreter_risk": 0,
      "suburb_risk": 0,
      "clinic_risk": 0,
      "day_risk": 0.15,
      "history_risk": 0.08333333333333333,
      "multiple_appts_risk": 0
    },
    "prediction": "Attended"
  },
  {
    "timestamp": "2025-09-16T21:26:50.307708",
    "patient_data": {
      "age": 40,
      "gender": 0,
      "indigenous_status": 0,
      "marital_status": 0,
      "preferred_language": 0,
      "interpreter_required": 0,
      "suburb": 0,
      "clinic": 0,
      "is_last_appt_dns": 0,
      "has_multiple_appts_same_day": 0,
      "appointments_attended": 5,
      "appointments_missed": 1,
      "appointments_rescheduled": 0
    },
    "dns_score": 48.333333333333336,
    "risk_factors": {
      "age_risk": 0.2,
      "gender_risk": 0,
      "indigenous_risk": 0.2,
      "marital_risk": 0,
      "language_risk": 0,
      "interpreter_risk": 0,
      "suburb_risk": 0,
      "clinic_risk": 0,
      "day_risk": 0,
      "history_risk": 0.08333333333333333,
      "multiple_appts_risk": 0
    },
    "prediction": "DNS"
  },
  {
    "timestamp": "2025-09-16T22:08:10.363642",
    "patient_data": {
      "age": 40,
      "gender": 0,
      "indigenous_status": 0,
      "marital_status": 0,
      "preferred_language": 0,
      "interpreter_required": 0,
      "suburb": 0,
      "clinic": 0,
      "is_last_appt_dns": 0,
      "has_multiple_appts_same_day": 0,
      "appointments_attended": 5,
      "appointments_missed": 1,
      "appointments_rescheduled": 0
    },
    "dns_score": 48.333333333333336,
    "risk_factors": {
      "age_risk": 0.2,
      "gender_risk": 0,
      "indigenous_risk": 0.2,
      "marital_risk": 0,
      "language_risk": 0,
      "interpreter_risk": 0,
      "suburb_risk": 0,
      "clinic_risk": 0,
      "day_risk": 0,
      "history_risk": 0.08333333333333333,
      "multiple_appts_risk": 0
    },
    "prediction": "DNS"
  },
  {
    "timestamp": "2025-09-28T10:45:44.754622",
    "patient_data": {
      "age": 52,
      "gender": 1,
      "indigenous_status": 0,
      "marital_status": 1,
      "preferred_language": 0,
      "interpreter_required": 0,
      "suburb": 0,
      "clinic": 2,
      "is_last_appt_dns": 0,
      "has_multiple_appts_same_day": 0,
      "appointments_attended": 5,
      "appointments_missed": 1,
      "appointments_rescheduled": 0
    },
    "dns_score": 68.33333333333333,
    "risk_factors": {
      "age_risk": 0.2,
      "gender_risk": 0.1,
      "indigenous_risk": 0.2,
      "marital_risk": 0,
      "language_risk": 0,
      "interpreter_risk": 0,
      "suburb_risk": 0,
      "clinic_risk": 0.1,
      "day_risk": 0,
      "history_risk": 0.08333333333333333,
      "multiple_appts_risk": 0
    },
    "prediction": "DNS"
  },
  {
    "timestamp": "2025-09-28T11:03:10.252601",
    "patient_data": {
      "age": 40,
      "gender": 0,
      "indigenous_status": 0,
      "marital_status": 0,
      "preferred_language": 0,
      "interpreter_required": 0,
      "suburb": 0,
      "clinic": 0,
      "is_last_appt_dns": 0,
      "has_multiple_appts_same_day": 0,
      "appointments_attended": 5,
      "appointments_missed": 1,
      "appointments_rescheduled": 0
    },
    "dns_score": 48.333333333333336,
    "risk_factors": {
      "age_risk": 0.2,
      "gender_risk": 0,
      "indigenous_risk": 0.2,
      "marital_risk": 0,
      "language_risk": 0,
      "interpreter_risk": 0,
      "suburb_risk": 0,
      "clinic_risk": 0,
      "day_risk": 0,
      "history_risk": 0.08333333333333333,
      "multiple_appts_risk": 0
    },
    "prediction": "DNS"
  }
]